answer_correct,percentage
y,92.87723863566694
n,7.122761364333059
